material,name,n_1550,dn_dT,dn_dT_min,dn_dT_max,k,k_min,k_max,rho,cp,diffusivity,alpha_L,Eg,beta_tpa,n2,confidence,source
si,Crystalline Si (SOI device layer),3.4768,0.000184,0.000175,0.00019,148.0,50.0,148.0,2329.0,705.0,9.014e-05,2.6e-06,1.12,8e-12,5e-18,high,"dn/dT: Komma et al., APL 101, 041905 (2012); TPA, n2: Bristow et al., APL 90, 191104 (2007); FCA: Soref & Bennett (1987); k: bulk 148, a 220 nm SOI film about 60-100 (phonon boundary scattering)"
sio2,"SiO2 (fused silica, thermal oxide)",1.444,9.5e-06,8e-06,1.1e-05,1.38,1.0,1.4,2200.0,740.0,8.477e-07,5.5e-07,9.0,0.0,2.6e-20,high,"dn/dT: Leviton & Frey, Proc. SPIE 6273 (2006), Malitson (1965); k: fused silica 1.38, PECVD/thermal oxide films 1.0-1.4"
si3n4,"Si3N4, stoichiometric LPCVD",1.9963,2.45e-05,2e-05,4e-05,10.0,2.5,30.0,3100.0,700.0,4.608e-06,3.3e-06,5.0,0.0,2.5e-19,medium,"dn/dT: Arbabi & Goddard, Opt. Lett. 38, 3878 (2013); k: thin-film values 2.5-30 depending on film and thickness, bulk ceramic ~30"
sinx,"SiNx, PECVD (hydrogenated, N/Si ratio dependent)",1.9,4e-05,2.5e-05,6e-05,1.5,0.7,4.0,2500.0,750.0,8e-07,2e-06,4.0,0.0,,low,Typical PECVD film values; n 1.8-2.1 and dn/dT both rise with Si content (Si-rich nitride: TPA and higher n2). Measure the film
ln_e,"LiNbO3 (TFLN), extraordinary (z-polarised)",2.1297,3.4e-05,3e-05,4e-05,4.6,3.5,5.6,4650.0,630.0,1.57e-06,7.5e-06,3.8,0.0,,medium,"dn/dT: Moretti et al., J. Phys. D 38, 3016 (2005), 1.5 µm, congruent; k, ρ, cp: crystal data sheets; alpha_L along c (15.4e-6 along a). Pyroelectric and photorefractive effects are not included"
ln_o,"LiNbO3 (TFLN), ordinary",2.2082,3e-06,-2e-06,8e-06,4.6,3.5,5.6,4650.0,630.0,1.57e-06,1.54e-05,3.8,0.0,,low,"dn_o/dT is small and its sign differs between reports (Moretti 2005, Schlarb & Betzler 1993); alpha_L along a"
lt_e,"LiTaO3 (TFLT), extraordinary",2.1227,1.5e-05,1e-05,2.5e-05,4.6,3.0,8.8,7450.0,424.0,1.456e-06,4.1e-06,4.6,0.0,,low,"dn/dT: estimate from temperature-dependent Sellmeier fits (Abedin & Ito 1996, Bruner et al. 2003 for stoichiometric LT); verify for the TFLT film. alpha_L along c (16.1e-6 along a)"
lt_o,"LiTaO3 (TFLT), ordinary",2.1186,5e-06,0.0,1.2e-05,4.6,3.0,8.8,7450.0,424.0,1.456e-06,1.61e-05,4.6,0.0,,low,As lt_e; ordinary-axis dn/dT is poorly known
gaas,GaAs,3.3702,0.000235,0.0002,0.00027,55.0,46.0,55.0,5317.0,330.0,3.135e-05,5.73e-06,1.424,1e-10,1.6e-17,medium,"dn/dT: Della Corte et al., J. Appl. Phys. 88, 7115 (2000), 1.5 µm; TPA 6-26 cm/GW reported; k, ρ, cp: Adachi, GaAs and related materials (1993)"
algaas,Al0.20Ga0.80As,3.2832,0.000216,0.0001728,0.00025919999999999996,14.628,11.703,17.554,5005.6,354.0,8.255e-06,5.624000000000001e-06,1.673,0.0,,low,"Linear GaAs-AlAs interpolation; k: S. Adachi, J. Appl. Phys. 54, 1844 (1983). x >= 0.18 keeps 2hν(1550 nm) below the gap (no TPA, the usual choice for AlGaAs-on-insulator); Urbach-tail TPA close to the threshold is not modelled"
inp,InP,3.167,0.0002,0.00018,0.00022,68.0,60.0,68.0,4810.0,310.0,4.56e-05,4.6e-06,1.344,,,medium,"dn/dT: Della Corte et al., J. Appl. Phys. 88, 7115 (2000); TPA at 1550 nm is non-zero (2hν > Eg) but not tabulated here"
aln,"AlN (sputtered or epitaxial film), ordinary",2.1199,2.3e-05,2e-05,3e-05,30.0,5.0,285.0,3255.0,740.0,1.245e-05,4.2e-06,6.0,0.0,2.3e-19,low,"dn/dT: AlN ring-resonator measurements (Xiong et al. 2012, Pernice et al. 2012), about 2.3e-5; k: bulk single crystal 285, sputtered polycrystalline films 5-100+"
al2o3_film,"Al2O3, amorphous film (ALD, reactive sputtering; Er host)",1.65,1.3e-05,5e-06,2.5e-05,1.6,1.0,3.3,3200.0,780.0,6.41e-07,4.2e-06,6.5,0.0,,low,n: reactive-sputtered Al2O3 1.60-1.67 at 1550 nm; k: ALD and sputtered films 1.0-3.3; dn/dT taken close to sapphire
sapphire,"Sapphire (crystalline Al2O3), ordinary",1.7462,1.3e-05,1.1e-05,1.5e-05,35.0,30.0,42.0,3980.0,760.0,1.157e-05,5e-06,8.8,0.0,3e-20,medium,"dn/dT: Tropf & Thomas, Handbook of Optical Constants III (1998); k at 300 K 30-42"
tio2_film,"TiO2, amorphous film (negative dn/dT, used for athermal cladding)",2.3,-0.0001,-0.00025,-5e-05,1.0,0.5,3.0,3800.0,690.0,3.814e-07,8e-06,3.3,0.0,,low,"Athermal Si/SiN waveguides with TiO2 cladding (Guha et al. 2013, Djordjevic et al. 2013); value depends on deposition and anneal"
su8,SU-8 / generic optical polymer,1.57,-0.00011,-0.0002,-5e-05,0.2,0.15,0.3,1200.0,1200.0,1.389e-07,5.2e-05,4.0,0.0,,low,Typical polymer values; polymers have negative dn/dT of order -1e-4 1/K
air,"Air, 1 atm",1.0003,-9.2e-07,-1e-06,-8.5e-07,0.026,0.024,0.028,1.2,1005.0,2.156e-05,0.0,12.0,0.0,,high,dn/dT = -(n - 1)/T at constant pressure; k of air at 300 K. Convection is not included
