molecule,stage,nu_cm-1,lambda_um,alpha_cm-1_at_1ppm
CH4,1.6um,6057.084,1.6509594385681294,0.42967492397099305
CH4,1.6um,6076.942,1.6455644960903033,0.398331174639412
CH4,1.6um,6046.944,1.65372789958035,0.3563932839740543
CH4,1.6um,6067.108,1.64823174402038,0.2921577918696256
CH4,1.6um,6086.758,1.6429107252169382,0.2920149862705316
CH4,1.6um,6096.16,1.6403768929949345,0.23779571778078767
CH4,1.6um,6086.626,1.642946354844211,0.20597189514986944
CH4,1.6um,6106.03,1.637725330533915,0.1627338551360309
CH4,1.6um,6114.652,1.6354160465714156,0.15472868798892384
CH4,1.6um,6096.462,1.6402956337626642,0.1502178160672095
CH4,1.6um,6106.238,1.6376695438336992,0.14763304811365527
CH4,1.6um,6114.478,1.6354625856859735,0.13859301019478953
CH4,1.6um,6105.606,1.6378390613478826,0.10793065005198417
CH4,1.6um,6133.106,1.6304952172683793,0.06270122246087144
CH4,1.6um,6132.35,1.6306962257535853,0.05932569688553454
NH3,1.5um,6605.604,1.5138661052040054,0.6400846461630193
NH3,1.5um,6612.702,1.5122411383425414,0.5044704245082122
NH3,1.5um,6605.114,1.5139784112734467,0.3592595748730318
NH3,1.5um,6568.344,1.5224537569895853,0.2979990042731671
NH3,1.5um,6528.774,1.531681139521754,0.22638724485903322
NH3,1.5um,6528.878,1.5316567410204327,0.21721099157782114
NH3,1.5um,6596.38,1.5159830088624366,0.20852311026245732
NH3,1.5um,6604.722,1.5140682681269553,0.20684001742099828
NH3,1.5um,6548.782,1.5270015095936924,0.17832393542519184
NH3,1.5um,6548.612,1.5270411500940964,0.1752508099947819
NH3,1.5um,6587.972,1.5179178053580071,0.17055136668336876
NH3,1.5um,6579.378,1.5199005133919954,0.14455809956215132
NH3,1.5um,6600.166,1.5151134077536836,0.12662248756427164
NH3,1.5um,6560.956,1.5241681242794496,0.12635920673831366
NH3,1.5um,6579.178,1.5199467167478977,0.12415693857488576
CH4,3.3um,3057.714,3.270417050123066,51.6807605753321
CH4,3.3um,3067.264,3.2602345282310226,50.152682166611335
CH4,3.3um,3085.848,3.2406003147271027,43.43848255643916
CH4,3.3um,3086.036,3.2404028987348172,42.89770422568919
CH4,3.3um,3016.492,3.315109073718743,37.719324328394855
CH4,3.3um,3017.8,3.3136722115448336,36.117337830761144
CH4,3.3um,3095.15,3.2308611860491414,33.71028810449222
CH4,3.3um,3048.156,3.2806719866043603,29.691859879158933
CH4,3.3um,3076.686,3.2502504317957697,29.685393074980443
CH4,3.3um,3076.554,3.250389884266618,29.503150216361945
CH4,3.3um,3017.24,3.314287229388448,27.14180539917435
CH4,3.3um,3018.528,3.3128730295031223,25.18826214095742
CH4,3.3um,3095.35,3.230652430258291,24.557649143211606
CH4,3.3um,3018.222,3.313208902459792,24.536064966483337
CH4,3.3um,3014.716,3.317062038347891,23.95885135684537
C2H6,3.3um,2986.682,3.3481970963095504,36.47956268022749
C2H6,3.3um,2983.376,3.351907369369466,36.3339783315602
C2H6,3.3um,2980.078,3.355616866404168,33.90647881266224
C2H6,3.3um,2996.852,3.3368347853013764,33.16123649030151
C2H6,3.3um,2976.808,3.35930298494226,31.951347668626024
C2H6,3.3um,2993.452,3.3406248037382924,29.25333229105824
C2H6,3.3um,2990.062,3.344412256334484,28.19173531809737
C2H6,3.3um,2973.578,3.362951972337702,21.63479002275767
C2H6,3.3um,2970.312,3.3666496987521852,14.33852863244158
C2H6,3.3um,2964.272,3.3735095834660247,12.610214420628715
C2H6,3.3um,2958.226,3.380404336923548,7.216930828242855
C2H6,3.3um,2961.162,3.3770526570312605,7.156981810096424
C2H6,3.3um,2966.848,3.370580494855146,5.996512326071864
C2H6,3.3um,2895.174,3.454023834146065,5.9089966587771725
C2H6,3.3um,2952.342,3.387141462608329,5.331144730081585
NO,5.3um,1903.126,5.254512838351218,16.709121637395967
NO,5.3um,1906.144,5.246193362096463,16.570691834836225
NO,5.3um,1900.076,5.262947376841768,16.325647774987917
NO,5.3um,1909.128,5.237993471364938,15.985216485214353
NO,5.3um,1896.99,5.271509074902872,15.383114704527127
NO,5.3um,1912.076,5.229917639257017,15.049176091621726
NO,5.3um,1893.868,5.280199042383102,14.014133417971932
NO,5.3um,1914.99,5.2219593835999145,13.812735517891452
NO,5.3um,1917.866,5.214128620039148,12.452862614942521
NO,5.3um,1890.714,5.28900722161046,12.204809046849315
NO,5.3um,1920.71,5.2064080470242775,10.90689814804945
NO,5.3um,1860.77,5.374119316197058,10.761876486742798
NO,5.3um,1887.526,5.29794026678308,10.284751029395228
NO,5.3um,1923.518,5.1988076014885225,9.4104636708301
NO,5.3um,1903.642,5.2530885534149805,9.019103251412359
