nu_cm-1,lambda_um,alpha_cm-1_at_1ppm
3057.714,3.270417050123066,51.6807605753321
3067.264,3.2602345282310226,50.152682166611335
3085.848,3.2406003147271027,43.43848255643916
3086.036,3.2404028987348172,42.89770422568919
3016.492,3.315109073718743,37.719324328394855
3017.8,3.3136722115448336,36.117337830761144
3095.15,3.2308611860491414,33.71028810449222
3048.156,3.2806719866043603,29.691859879158933
3076.686,3.2502504317957697,29.685393074980443
3076.554,3.250389884266618,29.503150216361945
3017.24,3.314287229388448,27.14180539917435
3018.528,3.3128730295031223,25.18826214095742
3095.35,3.230652430258291,24.557649143211606
3018.222,3.313208902459792,24.536064966483337
3014.716,3.317062038347891,23.95885135684537
